dfb_const,dfb_Humidity3pm,dfb_Rainfall_log1p,dfb_Pressure3pm,dfb_MaxTemp,dfb_WindGustSpeed,dfb_Humidity9am,dfb_Season_Autumn,dfb_Season_Winter,dfb_Season_Spring,dfb_Humidity3pm_sq,dfb_Rainfall_log1p_sq,dfb_MaxTemp_sq,dfb_WindGustSpeed_sq,cooks_d,standard_resid,hat_diag,dffits_internal,row_id,residuo_deviance,residuo_Pearson,alto_leverage,Cook_superior_umbral,residuo_deviance_extremo
0.008845307546987757,-0.015167929953119193,0.0004647271668479301,0.012720750277060678,-0.0021980361953343975,0.04864251327399613,0.013705769997846546,0.012893553002758155,0.013103640816855127,0.01578079582403117,0.013664429418647992,0.000797828763909431,0.0096495402516499,-0.1431607833984007,0.001668285504806927,-2.0528243158444566,0.005511812992187506,-0.15282669025579515,130043,-1.8148826217859715,-2.047159106797282,True,True,False
0.043654290007060566,-0.0043046118641191615,0.08477578801817941,0.02645706180233676,0.009857904034587197,-0.005942257121143632,-0.0070311261833232745,-0.008388102350620532,-0.019565681468318663,-0.006998291757334907,-0.004520526688588363,-0.11957288784032304,0.009441038909937763,-0.004483224935901763,0.0012716481387519192,-5.801650879923684,0.0005286426106656105,-0.13342816032517144,11681,-2.6627235390936117,-5.800117177268078,True,True,False
-0.02731698079993584,-0.0006741002207639331,0.0031832735348117334,0.013129739283067465,0.02194982916067379,-0.03547557180269846,-0.003482656567858198,0.0002195117884707218,0.0008200786672081841,0.008250272631139846,0.007646362819454917,-0.002322994853536767,0.00879456914767763,0.11830743103502123,0.001175817310851661,1.4437789521676538,0.007835203603994699,0.12830215319233368,107602,1.4973842044868215,1.4381116782513268,True,True,False
0.013671774349590549,-0.0093065418561632,-0.009078035840129775,0.0014889912848780437,0.004658827206030016,0.03065482236348833,0.0181206971362571,0.002485828504854358,-0.00016271180107862944,0.006474547637869957,0.015176589787698385,-0.00019292063304416355,-0.004774270921142173,-0.09876015389730869,0.0008485567305010148,-1.9016833751102906,0.003274222501215773,-0.10899446923198668,132683,-1.7475965483878166,-1.8985675552988417,True,True,False
0.009284250774268398,-0.0035733806940852248,-0.012406320598568046,-0.011912066343352316,-0.006366818066533152,0.03109372735754906,0.007611074839333926,0.005275551092459945,0.0059865173987943094,-0.0011714764345008425,0.004193220826037891,0.009721213676826546,0.008244804292060108,-0.10171886876888978,0.000825524046541545,-1.0887151040303162,0.009656398234556208,-0.10750505449120908,43190,-1.246195824961568,-1.0834458192901937,True,True,False
0.024185688279517437,-0.009228153808717169,-0.0029950309337468607,-0.013417334096952987,0.00926170516427574,0.00980315370129115,-0.0010566300733112063,-0.005741382472185649,0.019499228712237332,0.007579892667570499,-0.009839175835697279,-0.0010896754051768775,-0.033268015454978296,-0.0784059646094144,0.0008097847417694507,-5.614042312477266,0.0003595754827978911,-0.10647528572722745,54325,-2.6387227737937184,-5.613032885740353,True,True,False
0.021820825209547305,-0.00979114096591963,-0.0019991506225039216,-0.007745622332494864,0.01685108354100921,-0.006227098197746648,0.002051658540780408,0.00021287331224284625,0.014141867411984683,0.004097915662983006,0.004600829331891481,0.001416937889939832,-0.0906519890800383,-0.006534158946253815,0.0007639799715223326,-2.586507251074585,0.0015962056043260426,-0.10342011260209175,54754,-2.0191749557077117,-2.5844421279703016,True,True,False
0.01681766201571648,-0.01150803706593021,-0.01206409161612781,0.01106817944474025,-0.011958011854259244,0.016264278842851986,-0.0014761289776261094,-0.001994638667748475,-0.014087705512683303,-0.0007005328257975293,0.007441176978190446,0.00858231836726653,0.014037068701268382,-0.08691081007115407,0.0007459704675650016,-4.993849477475905,0.00041859780001709125,-0.10219386793438096,128443,-2.551598349146726,-4.992804160870203,True,True,False
0.016983286559958025,-0.0011399577994914204,0.06313839753693426,0.004156330631944724,0.002104265546265793,-0.00910201599103042,-0.013002290516549662,0.00805218279055723,0.005454936357669929,0.006230920196685431,0.0014253323373225396,-0.0905110540863432,0.0010817644694268067,-0.00022148417064446783,0.0007085013901529835,-2.3896370517295082,0.0017340081391009467,-0.09959427429580872,10486,-1.9504751682855612,-2.3875643277609995,True,True,False
-0.014196056915401382,-0.013250200087676385,0.004655757526781074,0.016736546621998978,0.019037495462046066,-0.014208757956946044,-0.0072422978668823254,-0.007557719150030836,-0.00827123912228884,-0.010765930359006763,0.025770502394783405,-0.003267727734396708,0.027721112322830574,0.0683729550764581,0.0006795382057694024,2.717600516376391,0.0012865053606386117,0.09753735240721648,36879,2.0617238985069224,2.7158518499620112,True,True,False
0.025382405126529867,-0.003843977517498783,0.057916998781755456,-0.006897178983909239,0.005031398015032305,-0.0015163391273367917,0.0009342557535238836,-0.008099951401678279,0.0004849875736116825,8.063589499648535e-05,0.009390857511867478,-0.08443466606226512,0.00026614124930300187,-0.026111479782525232,0.0006681592668906517,-1.3746170781448037,0.004926062445499301,-0.09671726710235998,17321,-1.4545665630563873,-1.371227173487566,True,True,False
-0.010495574877745557,0.007705087060140313,0.00017459790918390324,0.017715628496401636,0.02384066598418521,-0.015901921019789843,-0.0025775368617115403,-0.008374088747034216,-0.00772866599845143,-0.008754209597657252,-0.009611009363410323,-0.0006570033785065571,0.026090452113133572,0.08141256085157011,0.0006631963830502408,1.8805980347357614,0.002618421578660828,0.09635740485109903,381,1.7378983226196139,1.8781343216813298,True,True,False
0.03201299920962333,-0.0048592547145871285,0.05058800921315991,-0.007681619681962091,-0.009394219859688196,-0.01252311048481222,-0.011985865360635813,-0.0030744366450871576,-0.016362544114749134,-0.004775066616536004,-0.007757839438937053,-0.07576411925469442,0.010746530601402786,-0.02185350827219584,0.0006412442936055427,-4.18240951544208,0.0005129506828693526,-0.09474924871200605,22674,-2.4153188539765336,-4.181336692939682,True,True,False
0.02018621862766023,-0.009757546942892758,-0.0034006131376673704,-0.0077947731129274205,0.01350691756115083,-0.00559859505580646,0.0005981787722251662,0.0008097530735215663,0.011125954851499267,0.004236732173950262,0.0021982571373043553,0.00347514959880536,-0.07381869171948263,-0.01729035581328801,0.0005828646021145523,-2.9976124090599003,0.0009072992397317392,-0.09033329670570252,53650,-2.144917392136942,-2.9962522347387313,True,True,False
0.020124267063328583,-0.008651246155036627,0.01617440637570215,-0.010533178225892174,0.008185863327006677,0.0024818210656595108,-0.012713785061447394,0.005739118390589885,0.017546687880912265,-0.005305420168624172,-0.0051079300878953265,-0.009319898700728808,-0.028873463536011723,-0.06077253925833718,0.000558070207678265,-3.022071988813087,0.0008547436717181132,-0.08839107967422068,53733,-2.1517521947223557,-3.020780164255401,True,True,False
0.016771141729638533,-0.02639084575498702,0.005212714958708998,-0.005821424658928597,-0.032633334977505625,0.004891808537401713,-0.004620106951005705,0.002939530604630904,0.0013532323249738287,0.002108602459716532,0.023963100482665214,-0.0013482812588216093,-0.041162359194204384,-0.05819116868501287,0.0005309052671828323,-1.9837284085787108,0.001885216067074278,-0.08621295637115585,43995,-1.7859924246582513,-1.9818576481315762,True,True,False
-0.01769268010571566,-0.0034973793800804295,0.0025068890729692058,0.007458252089046238,0.024564802187392966,-0.002878668495212251,-0.006513012045789413,-0.0007126780014131947,-0.0032915562748063237,-0.0043440790864141795,0.007122666739426311,-0.0016551739386260849,0.06145978996105734,0.02761790535517635,0.0005259928527812872,2.8504070837540763,0.0009055254452851814,0.08581317019564913,64228,2.1024707463905496,2.8491162333915496,True,True,False
0.009548937218297719,0.0010976409808104487,0.05261268628281635,0.004388827058624858,0.009264829208008397,-0.007369565981624457,-0.008803798988343743,0.01004444286589577,0.009124564740368954,0.00901729996913865,-0.0014495042330688686,-0.07700860213555331,0.005162230879384106,0.0023905543342089422,0.0005251074130804847,-2.150722222743938,0.0015867841764414582,-0.08574091083584806,44006,-1.8579683087957612,-2.149015179302225,True,True,False
0.016097115675732243,-0.005822436016902599,-0.0024893780102415303,-0.003216113810707443,0.017280782372214483,-0.005105755469623837,0.002757528559703844,-8.037844729129608e-05,0.010612602440151596,0.00298994900504125,-0.0004343375835036184,0.0005612630079081313,-0.07434094724716042,0.009868307790260327,0.0005233362458733927,-2.085223751506915,0.0016821795452152976,-0.08559618857322078,54402,-1.8305101140676212,-2.083469152937892,True,True,False
0.010784945623084559,-0.00018637332216943144,0.04870666912642073,0.0037516947775586063,0.007720836926818761,-0.0099958626214336,-0.00972497478079346,0.011357002383645141,0.009918230509543794,0.010422080512530064,-0.011482667953934322,-0.07244341463748133,0.009765429730358438,-0.0018297281079101171,0.0005177463545799546,-3.599382941130275,0.0005591728334776064,-0.08513782338980136,21176,-2.2958042514999417,-3.598376461832649,True,True,False
-0.0012951109845651964,-0.0016599403514392808,0.00905384700307499,0.015727640998018582,0.014603174343396122,-0.015524639066101745,0.008974579033525922,-0.010936206442020887,-0.009116155173729051,-0.00882031259493155,-0.00348836442678215,-0.009015287141962538,-0.0019728894224951853,0.07688374116676214,0.0005167531013709742,1.0647066647143544,0.006341446858664123,0.0850561195810232,14518,1.2283614058475982,1.0613254053025445,True,True,False
0.008890254690619532,-0.0016058833577663443,-0.00845522315702116,0.00623057917805083,0.009575801375466157,0.024329691149842056,0.013738871383841835,0.00248253572221655,0.006988744287691635,-0.0027406652275719996,0.006645630955188773,-4.593894574729825e-05,0.0025207603469887016,-0.07472179788723025,0.0005085978437156746,-1.604554921145014,0.0027579979466953487,-0.08438228408942121,131338,-1.594906820310497,-1.6023407138071428,True,True,False
0.027341573527937986,-0.002673007536286587,0.042614553995199804,-0.0038031117139885467,-0.009195494135543087,-0.01023476429100776,-0.015385720029112163,-0.013510790049201206,-0.005802264364794489,-0.004881535363291014,0.0047284298305363265,-0.06452368698541011,0.0023345766472357508,-0.023187807400516753,0.0004930339829646463,-2.738178597140825,0.000919775231109291,-0.08308113975868205,93193,-2.068320331857499,-2.7369190530238248,True,True,False
-0.0018519830602555796,0.010363134674429928,-0.0006262069579402907,0.01649868546112886,0.015372661145718659,-0.01283903323462945,-0.005717485453000733,-0.010513383388781536,-0.009005107039663484,-0.010976375080203325,-0.011083930172526589,-6.527533603868271e-05,0.0069970354638519226,0.07287380608902937,0.00048739047769401475,1.5806818145369266,0.0027235273160084376,0.08260427802701013,46033,1.5813937374544313,1.5785278318794218,True,True,False
0.0178275036014487,-0.0073597334972156075,-0.002358983095631832,-0.005652337137152756,0.013663517054069133,-0.009504950341574218,-0.0017957825617266898,0.0004330787463789191,0.009318586032259896,0.00351914124817055,-0.003995623589108477,0.004604072676016955,-0.06705537076859767,-0.004292082223633373,0.0004859797729919005,-2.9220381507141906,0.0007962116681456292,-0.08248464627540775,54409,-2.1234891150989714,-2.920874638632415,True,True,False
-0.01841313469933157,-0.009510350153038243,-0.002822628500796897,0.00645091431827419,0.027747399988338473,0.0009892192174244775,0.015609254530837797,-0.0019589445775660816,-0.003302001776971954,-0.0021623731484765826,0.00494929365038377,0.0004458120914483213,0.05536419417641398,0.03204423960365304,0.00048517654889752696,2.2361806848136214,0.001356514767636838,0.08241645387473921,34937,1.8924652638743116,2.2346634640448886,True,True,False
0.020556705755225516,-0.005963940158428052,0.0025457243599847114,-0.011092408747726018,0.008736513747157164,0.00044223367290955104,-0.004011223350590811,-0.006987799791983357,0.015123161245572015,0.005788010571563634,-0.009974531821219218,-0.00941144941904642,-0.023391425246860033,-0.05403667544869628,0.0004806323831556642,-4.952676083981392,0.0002742471314652263,-0.08202958862441113,52228,-2.5454082332652517,-4.9519969088081845,False,True,False
0.024982815850028428,-0.0018309028271204105,0.04542395289366547,0.0017901151573962415,0.0012862725986231187,-0.010420780005842165,-0.011136370147206429,-0.0023636107619415202,-0.0035165104747395975,-0.015101142977893448,-0.006408500792615337,-0.06860455807929328,0.0061610848166214725,-0.0012382246879948748,0.00046309889197041046,-3.2197554191012956,0.0006250064370024196,-0.08051946657039816,43565,-2.2045992096969815,-3.218749077903031,True,True,False
0.01905802886978246,-0.007051382604465741,-0.0037762122840700675,-0.008044781924744645,0.010863032387668201,-0.008959688642189228,-0.003564735511197626,0.0009595216278571545,0.008300750417908596,0.0035845974472159606,-0.006123851873222395,0.004808985572108675,-0.06090782460542769,-0.01414180136050386,0.0004623686734894796,-3.5068138060782394,0.0005260929511344795,-0.08045595985113313,52330,-2.2746901670820314,-3.505891229709886,True,True,False
-0.004022597364350489,-0.005901317926442595,-0.006834316057892775,0.001228972721089859,0.006150208685946665,0.022820437117412447,0.0145122117037026,0.011136010741443563,0.013045016004367908,0.014159298214517228,0.005913949296989756,0.006318980300234443,0.007701949578169219,-0.07301522459373876,0.0004578979767619336,-1.1414310423183842,0.0048962744538262135,-0.08006604602515209,131760,-1.28948049387095,-1.1386332335794924,True,True,False
0.015418299725671183,-0.006771460368026195,-0.001487688771544745,-0.006261064147810456,0.013699390633839735,-0.007087817689205812,-0.001190071757744805,0.0006408183022182094,0.01022610860432848,0.0033735846984300714,0.008888515273116227,-0.00034705567629917734,-0.07018268925037453,-0.004431786869322729,0.00045734822792024886,-2.062632568744431,0.0015027203941319902,-0.08001796822173454,53394,-1.820911012576992,-2.061082206071727,True,True,False
0.004799315677953072,0.016714908617557755,0.017811422462127573,-0.00256512147515279,-0.029672414842605948,-0.019704892537362576,-0.05660193605021014,8.2500191562287e-05,-0.005446868737059365,-0.00937641146742189,-0.02518486626891313,-0.0036953363186455618,0.04603906010454436,-0.001909445239850155,0.00044827144572923605,3.1724318198245967,0.0006231804045353995,0.07921994878678575,53390,2.1923315574398945,3.171443167100922,True,True,False
0.01071563599609142,-0.007658101456577731,-0.030674650121818678,0.018994444044747236,-0.01572752962269385,-0.00707462173782457,-0.015066016557033405,-0.018101965465171187,-0.019371228987338954,-0.018129127163751434,-0.006311932961092082,0.05938456896322918,-0.0008304359989256266,0.0008958091836591273,0.0004421245296877204,4.381182029590585,0.000322366590997535,0.07867492250331232,68151,2.4515776613925753,4.380475799312026,True,True,False
-0.016269149234759927,-0.008967292997003586,0.005650800657128175,0.011713429006349514,0.019653297243464242,-0.010513146264768593,0.010614090556827133,0.0006421870128721893,0.0026448146455705823,0.009866689469763573,0.009719218475356816,-0.006697755856212854,0.0031747694721504104,0.0657220990250958,0.0004362739206947918,1.4327616568071375,0.0029665325908307893,0.07815263886025611,106573,1.492691777355023,1.4306349112957737,True,True,False
0.0054006710217931984,-0.008649165480611058,-0.011568772656658123,-0.007892109954326744,0.001723819731621997,0.013091237368223253,0.01016909876461027,-0.004901771708875022,0.007544462841468372,0.006096407892118148,0.010827897731350612,0.007860292532361896,-0.0010042775455488503,-0.0679883412697394,0.00043523490821620743,-1.656329775435276,0.0022161268653598256,-0.07805952067371197,75084,-1.6238081250085497,-1.6544934390257535,True,True,False
-0.02785823700389563,-0.009420628775067302,0.0046396632021591475,0.003828651117047147,0.02391656433309321,0.0009477921729507203,-0.010655850413522749,0.013280591214424316,0.011985500617249747,0.020433741027196868,0.02079482895543937,-0.002222273130002004,0.05077028431036999,0.0007942913763494838,0.0004340813618959326,3.454159327263693,0.0005090885061381288,0.07795600892953851,105884,2.262376827237425,3.4532799789269726,True,True,False
0.024665860791366373,-0.007066391112292819,0.011928314191265738,-0.007596495591641731,0.012951552289369953,-0.0068381894406661725,0.0004501478177683544,0.0003195375351574789,0.006118368130032314,0.0030310738807414607,-0.003923729070828354,-0.02282095821713453,-0.05419677990581256,-0.015171693032061784,0.0004303766621312918,-3.7390489528232305,0.00043079168854017103,-0.07762263396626569,53640,-2.326519450459201,-3.738243490461303,True,True,False
0.010127569276386807,-0.015305009486400532,0.004423886887427737,-0.010841960008308636,-0.008590113851584667,0.009755876177363168,0.004173099683916525,0.0024206302431903225,0.002064878154172424,-0.006217662426473982,0.008031956380010906,-0.002232716241397754,0.006164382137532064,-0.06780384899176418,0.00042986637400610966,-1.6312102875801913,0.002256630515320565,-0.07757660272975422,73980,-1.610001855879542,-1.6293687286079368,True,True,False
0.003085250057964041,-0.05214101048192841,0.001644147687227815,0.0022617744743275957,-0.019648772122441118,-0.006443852824477285,-0.0008141730872516575,0.0075456290847174794,-0.00550362325499942,-0.007272547119744139,0.06515384954580604,-0.00013827146377567553,-0.02599946086515131,-0.005308244979780198,0.0004296793641088883,7.560248626188311,0.00010523365911265015,0.07755972761679028,112779,2.8506311576271783,7.559850819409002,False,True,False
0.021995233490345562,0.001459487294283287,0.039534758482346,-0.00044748576331253754,0.020866989963473206,-0.0037772221720385724,-0.0005078766757974959,-0.008688632851339698,0.010592827291077772,0.0021867127695315955,-0.012302170127459289,-0.06041359940995659,-0.022075572277046127,0.008698901763628293,0.00042670984619193184,-2.3118213917627917,0.001116521200572556,-0.07729125339197872,55065,-1.92179612573034,-2.3105304325183904,True,True,False
-0.008388214327211428,-0.007789988431853352,0.0039841442770682965,0.012353153990064989,0.015479421374730306,-0.008671633637055217,-0.0110957440657549,-0.006918041690654116,-0.007179014989763279,-0.010712447274055265,0.017014280357332653,-0.0026288915039994662,0.024666958395149412,0.05034415689951136,0.0004253658364964794,2.693495469078149,0.0008201660793074417,0.07716943610786463,38984,2.05430672182037,2.692390685695966,True,True,False
0.01453132522717783,0.01626389188321324,-0.0031995618138837604,-0.0004788630712156912,-0.007857792577830737,0.016610977892284735,-0.010615835198443203,0.0007877995788756682,-0.00025516885462244443,-0.005541203092322277,-0.02122044848181904,0.004418299222471206,0.009211009034300483,-0.06542495555639463,0.00042155856282311926,-1.0025467082755988,0.0058375962673445055,-0.07682330341861364,105825,-1.1770840023838272,-0.9996161937645939,True,True,False
0.014696445455765298,-0.007021937314189992,-5.7061405213774476e-05,-0.003430677353796727,0.015008796895336586,-0.008907523195591516,0.00019978115000329516,0.00016366935240453383,0.008783340736034286,0.0032449169928523017,-0.002317761230845255,0.0029117294470448096,-0.06411683601075358,0.005117883042423771,0.000417856947141498,-2.2208666980415406,0.0011846658791133005,-0.07648527505786877,52690,-1.8864877039973276,-2.2195508157062096,True,True,False
0.019583575764077366,-0.009191880689434342,-0.005472227352024255,-0.009271455221692659,0.005255575918533178,-0.0028840652512719094,-0.0015631975264792633,0.0016652344853390869,0.004222900761790323,0.003847879398896454,-0.006608962025383452,0.003732824283656715,-0.039364378848317096,-0.03932208210113516,0.00040810218719046786,-4.4794774850409755,0.00028465485817440926,-0.07558723875545545,53629,-2.4687550816122887,-4.478839887149812,True,True,False
-0.018585736800253418,-0.00645829116157202,0.0024541574209108706,0.0232904463732219,0.022512514523672474,-0.001068083452335312,-0.00599750084931977,0.014055221175713157,0.004680515328396984,0.0011369034594601781,0.013808225173579046,-0.001457034390559454,0.015716076425956106,0.05027789579642953,0.00040403271474035145,2.8778309504991033,0.0006825233156671742,0.07520942840125673,39058,2.1106673228782276,2.8768486895053553,True,True,False
0.013568857348677023,-0.05991964500389298,-0.005753618555999024,0.0036677789010653218,-0.0063787856471467065,0.003039504797991397,0.035720407284655475,-0.017503558802948828,-0.015286833793006776,-0.014600829665079113,0.05919221772939809,0.0019250868431273703,-0.01876173468785273,-0.007358968630808895,0.0004031489032949625,6.338280872215715,0.00014047192922933611,0.0751271245455685,15472,2.726780214586763,6.3378356813099,False,True,False
0.019009387076966935,-0.0013524279524324626,0.045401042650443736,0.00014628193186394094,0.003553740088637116,-0.004109615587721315,-0.003734204835076239,-0.001778334632669084,-0.0024597120867943215,-0.01102509894223056,0.0031009105687548745,-0.06772855834317631,0.001021116245564852,0.004017580773349937,0.00039532448726568436,-1.3962165142292506,0.0028310332186148087,-0.07439450804789731,10445,-1.4695140718332091,-1.3942387457890195,True,True,False
0.007859026152411332,-0.011525227019391968,-0.015040340169862568,0.01647866095106254,-0.0021054002536196135,0.012050328118813658,0.012641901769729114,-0.003227289140326477,-0.01285810114705468,0.001152495828947483,0.009159065619093708,0.01377487402376166,0.010992343243841924,-0.05803281694799827,0.00039504056044824596,-2.8507420580461167,0.0006800775268677197,-0.07436778801830067,61414,-2.102665810510734,-2.8497725303752994,True,True,False
0.014161263721868421,-0.004430038249833605,-0.00228445456460328,-0.0009858009868522284,0.01695577849224645,0.0007915504288406361,0.0048287161502787715,0.0002063082626299604,0.008765123660428495,0.0026505842355066794,-0.0028377170761216372,-0.0015931740964155005,-0.0628343853718603,0.009044834941149096,0.00039223873254255065,-1.844842041796985,0.001610868106778987,-0.07410359165148228,54010,-1.7211279559438188,-1.8433555443142746,True,True,False
-0.004490958515301368,-0.01297560052269314,-0.0024098902696048255,0.017942803939527876,0.02783536155857013,-6.366511747101384e-05,0.014116902682263555,-0.00651705614273219,-0.006338648951810775,-0.0037442410253978277,0.0013902446481065228,0.0015322508546581472,0.058162718702345725,-0.0032579750383373365,0.0003863041502894255,7.631624105671616,9.28502636468938e-05,0.07354086127453799,16524,2.8571083880919805,7.631269798291909,False,True,False
0.013644242744974215,-0.005401887078893922,-0.00240553814407188,-0.0028935331079651436,0.014441854109664698,-0.00874730631565401,-0.0008100700448053338,0.00018654492542218097,0.007898817746763797,0.0028757693377843203,-0.004060481662163097,0.004321501060710914,-0.06073428134599241,0.0077638111837543084,0.00038535927111361305,-2.27373277540522,0.001042466313140034,-0.07345086678799291,54392,-1.9072505756798233,-2.2725473214639895,True,True,False
-0.007358091442207743,-0.0027468018508459706,-0.03971140330827085,-0.003227117554104631,-0.0015476588675651904,-0.01322981697866608,0.005373399570639716,-0.008955471878587449,-0.006967790035549868,-0.005969961214768843,-0.0087886033109425,0.06303811241381665,0.005893039519356248,0.007426009575306652,0.0003824494126644941,1.7292759436705303,0.0017872961782321286,0.07317302633773085,87596,1.662858984741837,1.7277298884042989,True,True,False
0.018309701678045957,-0.01901047702346264,0.007561990380953374,-0.001774760199733067,-0.008378276444879998,-0.0016132418836271175,0.0032723620332122732,-0.0009991818569551317,-0.0026462602925391328,-0.01158441355027436,-0.02085614968118175,-0.002393286196901447,0.016496010331174798,-0.048810944642974204,0.00038186946379769487,-5.430463981341562,0.00018125515492932925,-0.07311752547752597,75303,-2.6142767398645055,-5.429971809243232,False,True,False
-0.00930168412746745,-0.006597858521773516,0.0033780681095525694,0.01319214361691558,0.018753852307836057,-0.0037351097523810927,-0.00947249642535391,-0.005408122520381974,-0.006013770972415789,-0.00898203973678279,0.013606103563712134,-0.0021773885404751466,0.03541952424618332,0.037223929063377494,0.00038134805879631975,3.005046698878966,0.0005908679566034964,0.07306759195081908,33907,2.1471278374154914,3.004158774796881,True,True,False
0.01713884964425894,-0.008844731208540785,-0.002642202483082195,0.013780722438750793,-0.009019804257180703,0.00422283128576197,-0.0035557068382065047,-0.003998481230588531,-0.016503876007721838,-0.002625069914786125,0.0036287568582292627,-0.005373270603173476,0.013090437111213642,-0.05327501677819151,0.00038129455508279663,-5.28800325797551,0.0001908632489862282,-0.07306246520034868,42176,-2.5945458635968377,-5.2874985911525405,False,True,False
0.02013096644894684,-0.007330915524151046,0.017158242296371386,-0.00602967945851316,0.011537408210512544,-0.01142182118906544,-0.008327838971321791,0.001179456133771945,0.007103792432950534,0.003285459535859299,-0.007471068290854764,-0.01079601516745616,-0.05100908327691234,-0.012542519182468476,0.00037701340258760447,-2.641552904455967,0.0007558538188882086,-0.07265113672764031,54377,-2.037646473455147,-2.6405544018144766,True,True,False
-0.0002579837315828403,-0.005620725171432136,-0.0015136324044752968,0.020112320064092703,0.01641137720756194,-0.0031652920088254904,0.004300838519966076,-0.011976289376841668,-0.010137187812694588,-0.012119345118027975,0.0041427714018802885,0.00012108667412938037,0.008337894336203047,0.057161641308757775,0.00037632145302492524,2.4644766940352643,0.0008666844850912313,0.07258443642096316,36898,1.9776913411101495,2.4634085006811484,True,True,False
0.018636905684786056,-0.007601704123882148,-0.0038317868476290856,-0.007447605014400779,0.0059098297617085835,-0.0074830042062896205,-0.005617839530934015,0.0013899343129844673,0.0041531426958335985,0.0034332966357803725,-0.01233466482177028,0.00725714498473775,-0.03960517735420945,-0.02905091461670665,0.00037577241841858577,-4.4444742461353,0.0002662542197299019,-0.0725314682985935,54040,-2.462703508899173,-4.443882526734474,False,True,False
0.01468466118409826,-0.00411873016617237,0.0014868703273762801,-0.001864679910559652,0.014476752569350798,-0.009689990327532833,-0.0034061096622595827,0.00021558159279213096,0.007129722148564287,0.0025605663404799934,-0.010415425862952578,0.002369592519520051,-0.05655538404530998,0.00993677241223731,0.00037313857384154206,-2.4169376158421874,0.0008934681992013258,-0.07227682939540675,54769,-1.9607430330237183,-2.415857646109023,True,True,False
0.006946868531573929,0.009031737273378509,-0.0039553827764991145,-0.004295181900552127,-0.03954151576800694,-0.014694208274796733,-0.04253317694783358,0.007930912796970627,-0.020539934855243098,-0.012214344137992049,-0.0210979277724707,0.007255771371538665,0.04250957680390943,-0.003604382661329573,0.0003711200343407864,5.484784618046138,0.00017268248030644423,0.07208106901683542,52922,2.6216366930462427,5.484311034494464,False,True,False
0.01765756159178898,-0.006287035016574801,0.016595420456636287,-0.006245395828240566,0.01530664597197423,-0.008605586268007927,-0.00824937124079274,-0.0068175766080670105,0.01774939109332106,0.005945995764362473,-0.010891387633568235,-0.009787607641169671,-0.03627034568743815,-0.02729541607283719,0.0003680417335823929,-2.9388633858357776,0.0005962210351730497,-0.07178150386571405,54699,-2.1284110752420053,-2.9379871491235465,True,True,False
0.014965110975110501,-0.0032076643087483006,-0.003960566836023544,-0.0018421471762471112,0.014698924058510214,-0.006996585975675896,-7.727480517130228e-05,-3.1059612676046187e-06,0.00630505674161083,0.002355550125720146,-0.011661282681269935,0.00220085180309156,-0.055457240567682996,0.010895245356001513,0.00036743079329839645,-2.7466202805745232,0.0006814128300065278,-0.07172190139684043,54774,-2.0710472839509086,-2.745684329955993,True,True,False
0.006212316938431107,-0.0023375909046296148,-0.014093481115376909,0.009922757656288894,0.003980357652490469,0.017418132431165616,0.011935886344400414,7.89540413323792e-05,0.0014652802960914665,-0.005700911738224015,0.004097170543305229,0.00881146266354306,0.009158034203188318,-0.060436774922610854,0.0003644401316142576,-1.7794330003697132,0.0016087616710264278,-0.07142941889685502,42843,-1.6886826851009804,-1.7780010824306525,True,True,False
-0.00550738653645324,-0.015520723645328199,0.005747822224790516,0.003229272089678729,0.010518543419913028,-0.000743400594442952,-0.016709731811830365,-0.0031805463451187233,-0.004509904010929199,-0.008683600658783399,0.028070644024476277,-0.0030633767830446695,0.03797897651435132,-0.0015996549588421346,0.0003612574921756388,4.332855807280798,0.0002693267204091835,0.07111684150121853,105918,2.4429875033149417,4.332272291066735,False,True,False
0.015140611294153585,-0.0040981652526367535,-0.0020618332153098636,-0.0026207937266732586,0.014953015032558133,-0.0068405793970339815,0.0014719783050191066,-5.17846745434739e-05,0.00646318214633345,0.002483718360861921,-0.007544793029756631,-0.0017769231891960641,-0.056484318257305446,0.009850558704455298,0.00035792678600953995,-2.582046688494078,0.0007510481072815285,-0.07078824080544181,54419,-2.018052303739835,-2.581076885728589,True,True,False
0.016827821049631743,-0.005524776763849228,0.01691026478417704,-0.004714120701948173,0.017745939361691634,-0.010175620180751707,-0.00780116895768925,-0.0070091809184175975,0.018645616712829143,0.0057312130956578815,-0.00885379200610618,-0.010314949547884715,-0.04342613564921418,-0.016764719504346687,0.0003575247719572145,-2.5979868499771426,0.0007410343342322329,-0.07074847582671748,54326,-2.0233572639181934,-2.597024072853502,True,True,False
-0.00356488949225055,-0.008902261928260774,0.00236596243633109,0.01286379338153657,0.02071822372342103,-0.0049610674134178325,-0.00588184045507054,-0.0050882873422479075,-0.005848594167532901,-0.005988491375776024,0.006174835375123601,-0.0006012516484893046,0.05464478810248008,-0.003617093439962798,0.0003570272604502296,7.45580275882087,8.990866390744747e-05,0.07069923507483401,69136,2.8410301666814273,7.455467580654645,False,True,False
0.016290262056597813,-0.004318739390723584,0.002118605300862718,-0.009594068501997116,0.015042245621207153,-0.006233727157311252,-0.004837967353213696,0.00347190889354873,0.018787477717729754,-0.0062806631310387,-0.0037464032616924803,-0.007305879779486373,-0.048390135083410134,-0.016163218103381255,0.00035471796454864777,-3.052265193558575,0.0005327644681441725,-0.07047021733747291,54838,-2.160206537576112,-3.0514520160148795,True,True,False
-0.0074158605822990005,-0.009619926112005782,0.0117902905900575,0.0066424547476292934,0.023500647081630625,0.004694351962038053,0.0011523705640159197,-0.0020186331693285244,-0.0027707997469748284,-0.003942695690485687,0.007892612618204477,-0.01112603832409507,0.05275204067246654,0.0016957719380918394,0.00035308583952049175,3.108282810570555,0.0005113816449640329,0.0703079080627074,107342,2.175393428845084,3.107487949549885,True,True,False
0.008404284192758666,0.0016438895155778525,-0.009623969578252598,0.009425282063155375,-0.003663201319455641,0.007710489348560108,-0.010789947854991159,0.00017201565429161584,-0.00015620589342497975,-0.01021086703399348,0.005597182683004836,0.007308947399529501,0.00928687513159206,-0.05569760134740398,0.0003516383092954736,-2.4363960269203657,0.0008286448367693082,-0.07016363998080184,28138,-1.9677497318660224,-2.435386364220055,True,True,False
-0.007044483595974995,0.006506375186385386,-0.0011776008320213613,0.005384630029332385,0.010643914763531595,-0.018649000629343316,0.0026283994099723347,-0.005695773981892212,-0.004974126849533952,-0.004583413687365658,-0.008177855786930945,3.428185226496936e-05,0.0033371688060446236,0.06587637900307497,0.00035038931433177566,0.6846734601340203,0.010355972995116902,0.07003892091131007,131798,0.8730634398582324,0.6811190037894442,True,True,False
-0.008734665451576912,0.0008009721963662518,-0.002776143844942073,0.017139128752041252,0.027627897854690504,0.003586049453091055,0.008684870731893508,-0.005860604766042356,-0.005194543825235742,-0.005502312072646086,-0.007295271347361912,0.0008483341716194273,0.041216524924394544,0.03562921350818726,0.00034486077072229664,2.505659700462198,0.0007684114167354921,0.06948417726441551,13478,1.9921036407620607,2.5046968266957075,True,True,False
0.012884891562539863,-0.0029922237139913817,-0.0046066254268351085,-0.0004215883826430811,0.015501716473893411,0.0013577547636460378,0.002309198395107867,0.0006075190925436377,0.007706711750064572,0.0024722987163015853,-0.008536960540183136,0.003655211369641815,-0.05608878738615926,0.008209500406089485,0.0003446827229882129,-1.9352980005783214,0.0012867455313677423,-0.06946623752716534,52952,-1.7641740626729927,-1.93405248175585,True,True,False
0.010905365878221487,-0.004550759042504747,7.647466688907719e-05,-0.006368075252185222,0.016640612383097064,-0.00796164102210138,-0.004908027441413412,0.0030159367758373656,0.01930612970253607,-0.005138886654188324,-0.0009682288511008051,0.0030484267689843674,-0.05492348737398337,-0.0020016428526488986,0.000343286890525906,-2.003624592529384,0.0011957294835153445,-0.0693254390202425,53045,-1.7952037635395535,-2.002426337725502,True,True,False
0.006786334437832767,-0.000288129755677971,0.03798551405247495,0.0004873311027343442,0.0010629642737179214,-0.008408535723234545,-0.010522945346075804,0.009582243498107983,0.007445177452839239,0.00830056747653496,0.003417831950294642,-0.058118995414999076,0.0035908736380349726,-0.007457365132212944,0.0003431405201825713,-2.09320431199527,0.0010952188033427081,-0.06931065784910632,31939,-1.8341623930175908,-2.0920577396114894,True,True,False
0.01452496363869537,-0.0033017943455870575,-0.0018970538801465738,-0.0008730076059925498,0.015995592292236394,-0.0006434469671418046,0.0035497557219513315,0.00021050799997392438,0.0067718597387272815,0.0023700831431789195,-0.008274039100741709,-0.0028193292359989562,-0.05505854604009179,0.009646486255005731,0.00034079365363875807,-2.1904243148532925,0.0009934165275396036,-0.06907323058035221,54742,-1.8743977636135425,-2.1893360426508868,True,True,False
-0.0030304254564560372,-0.006968660361741395,0.0034107911960275504,0.018494398852726666,0.020599781887090624,0.004606715887856357,-0.011030248744649722,-0.004918942444719303,-0.00554280760327682,-0.007628141340050059,0.009631877165901198,-0.0013391663400850271,0.04926431204919105,-0.0030935345943494987,0.0003406982542405222,5.972537483013212,0.00013369713721751326,0.06906356315116276,123856,2.683975318359306,5.972138214085786,False,True,False
0.018139576264569073,-0.0027086242783668775,0.036953956445529575,-0.010005620607383255,0.0005688265861452332,-0.011984529596579738,-0.002856257140865762,-0.010028159525222628,-0.0012124767354786137,-0.0013958310114622144,-0.005283275637381786,-0.05814239051406466,0.003378107905178224,0.0027587588340327136,0.0003362994710917219,-1.9801373576752057,0.001199340241558391,-0.06861627066263001,43032,-1.784681650811518,-1.9789495722201982,True,True,False
-0.007305868157274524,-0.005707190120357973,0.0012055737906371616,0.003246063024433731,0.019309917932794823,0.002386543082574369,-0.005187919216774163,-0.0019111143813420235,-0.0030699853910174553,-0.004693880775031689,0.004688096596969541,-0.0005991347620240661,0.05375413068988223,-0.0040427405781646355,0.00033509337301656497,4.02062264477421,0.0002901223784903673,0.06849311935313035,137513,2.384375325987089,4.02003936616324,True,True,False
0.015190679316813718,-0.03602477959712737,-0.001405603444242886,-0.0004177310050665171,-0.010041831842030873,0.001194449832714518,0.037760635187723796,-0.017271312351928574,-0.008602883068193162,6.168552010702092e-06,-0.004233508690074956,0.0014026400459582655,0.005818873890107149,-0.03563609894831803,0.00033186653089791346,-3.449172309735082,0.0003903841123652506,-0.06816253711789172,101001,-2.2612466627065815,-3.4484989929803613,True,True,False
0.020128068905256903,-0.0070504825835525226,0.01692581349738552,-0.005485032524209636,0.008767740377513392,-0.011541056441650753,-0.01005799815766507,0.0012651812548419373,0.0043422614625735064,0.0029843379194778676,-0.011792050183749746,-0.010077858016249372,-0.03881223999083313,-0.01878230636906729,0.00032705940359425013,-3.1637733875045018,0.00045724115824823493,-0.06766706492656864,54354,-2.1901320933901087,-3.163050001100469,True,True,False
0.01077381784420044,-0.0016193240782333637,-0.002688643843702185,-0.001985112547368965,0.019611147092570204,-0.0010397659203065493,-0.00019534582986913335,0.002482945342685046,0.018177612992756602,-0.005892216005467703,-0.007556595444664744,0.00014437175919450256,-0.052255763277323064,0.008682318620069802,0.0003268033959479636,-1.9701017335734525,0.0011774043843542426,-0.06764057635542317,52344,-1.7801545518563118,-1.9689415887736152,True,True,False
-0.007871727176319279,0.0063597673915838475,-0.001112051102273841,0.014263316227708213,0.010177188439142918,-0.0057804771145681675,-0.007211277651667392,0.007474944132386189,-5.738475195468936e-05,-0.00262362875247873,-0.005392642115376658,0.0006766372120707564,-0.0032527603003961766,0.05703881858882946,0.00032627041846212056,1.5967553705389825,0.0017883462169963147,0.0675853970580126,8635,1.5909477482949133,1.595326955915048,True,True,False
-0.008804695310724754,0.002003639413976216,-0.01417442601071718,-0.000801759291647533,-0.02270921322252373,-0.010506804149907074,0.003863163119234273,-0.004469199797514952,-0.020761867703639993,0.004921182609856656,-0.005792391030524027,0.010644775803572527,0.05553321023245917,0.0007873831290674751,0.0003253018269346977,1.798611044139806,0.00140581786468198,0.06748500276873136,53442,1.6984164883664736,1.7973463397287328,True,True,False
0.019071698197875908,-0.0064489138422528704,-0.0016401227759873726,-0.007378943462684151,0.008822222495914328,-0.008821930418970373,-0.0016794251988846976,0.0005966129900199325,0.004080907460101699,0.0029758153551565822,-0.009675523177775317,-0.002550307565884562,-0.04422807677056236,-0.015469418955285322,0.00032488246592489125,-4.153584253244272,0.0002635686659520874,-0.06744148983392181,53699,-2.4099957951543973,-4.153036839841366,False,True,False
0.008184839296083461,-0.009805748965253337,-0.00033991671883029813,0.009019682303693719,0.0026216995383651098,0.018085539263762763,0.01728877345607856,-0.0008547750496539783,-5.644315535416741e-05,-0.004467139058014001,0.005864011816965581,-2.6387046257965174e-05,0.007504239325412781,-0.05819042431902881,0.0003242885802283834,-1.2812298167486056,0.002758075466501953,-0.06737982012475809,131364,-1.392587787815212,-1.279461732517135,True,True,False
-0.015388188103134097,0.0018756272944251478,-0.002416503754635403,0.010487482432034085,0.018983704140227542,-0.004986686800803372,0.0059086874782576905,0.009680784802020717,0.0034589249421420596,0.002008117486903108,-0.00411236085933926,0.0006852401400029646,0.008914123115757504,0.05539231030712697,0.0003219586040133165,1.3910583162869115,0.002323950876708491,0.06713732568994127,39447,1.466416621613605,1.3894410005029043,True,True,False
-0.007135456829548186,-0.005544279232255698,0.00042406059219258905,0.007083904738170788,0.021313885896897155,0.004929768810780133,-0.002089986439272986,-0.0025936532202104016,-0.0034164132506691015,-0.004785111987082835,0.0034898502964790996,-0.0002773472628511607,0.05282076396224308,-0.0014184383575205637,0.00032148627889114515,3.930665879547257,0.0002912270581401505,0.06708806205447042,81373,2.366457300621042,3.930093479739328,True,True,False
0.03341468463142561,-0.026613165560748553,-0.008331025182960703,0.006257340630909824,-0.03350934011765705,-0.00225942475613091,0.011071770959324306,-0.015045374064882742,-0.020500742883894307,-0.0269866671568571,-0.01618298303435333,-0.0026882966987006535,-0.025481680914930818,0.006002534084379585,0.000321111810308233,-6.51014738205267,0.0001060612177528226,-0.06704897763084876,142566,-2.7458847110759432,-6.509802135818574,False,True,False
0.009497418584403276,-0.0018100776437190201,-0.0004407706328381052,-0.0001938824365021689,0.020911987876003433,-0.00361006735225062,2.1889483165878468e-05,-0.0067031231764665845,0.018256268065251186,0.004664293606834783,-0.00864487881874811,0.003068464723459466,-0.05126206959992261,0.009480152051006803,0.00032054545853738703,-1.7829034015130685,0.0014097735169924035,-0.06698982344056334,55075,-1.6905252856410418,-1.7816462132697177,True,True,False
-0.020414427653869124,-0.011554356958036091,0.010139162668825408,0.01207608198487443,0.030038581760113415,0.0075823399413097545,0.005549411937820594,0.010189648412040607,0.011094499926852753,0.021225928882651873,0.012059767863566504,-0.009330478636232088,0.04480010694775416,-0.00380138487018256,0.00031737732893833207,3.5398925121411815,0.0003544621098947203,0.06665795357313625,14130,2.2823860896144397,3.5392650776514882,True,True,False
0.016619333055690234,-0.0037214209829259195,0.0311120507939408,0.016465279695614347,0.0074379328495119724,-0.001382682955532898,0.008475781022340244,-0.005444314512083116,-0.01409184459366427,-0.002542004362307904,0.007237255610336533,-0.05292447111922116,0.004862987916240648,0.0003646254819054381,0.0003173550093613721,-1.951431316772061,0.0011653609145191985,-0.06665560846421939,86814,-1.7716519378441942,-1.950293924415347,True,True,False
-0.02093361890768329,0.005585017235580777,-0.00242779301081477,0.011414404178701033,0.027541254365164317,-0.002629402492452055,0.0076429013251064415,0.005291849594420679,0.006785781396318645,0.014810278491321443,-0.008983607635571598,0.0008264496214152685,0.02680606823000064,0.04631454672225175,0.0003146493310546019,1.5570871209359944,0.001813596517944495,0.06637085728525045,143307,1.56823249168928,1.555674516281287,True,True,False
0.008069195583514167,-0.0039098399255787595,-0.006938055483283435,0.03045471555115308,0.01905655093181348,0.012026227006198377,0.012998309338073126,-0.013119728264157469,0.0033533587530027156,0.003891936850331569,0.010093607992973277,-0.0008728638785037355,0.0001875444412310441,-0.040581662045748465,0.0003116686881299509,-3.03499524795199,0.0004734776684910349,-0.06605574666089707,132620,-2.15548490142708,-3.034276661646336,True,True,False
-0.006385448532946271,-0.0006680781359977977,0.00400083927887766,0.011346161899047618,0.017824095915366333,-0.0006304696592998231,-0.01638306817706982,-0.004081742417182086,-0.004876927004135518,-0.008505729126227914,0.006377942338513288,-0.0020695195380098777,0.040794222823247725,0.020976264201046584,0.00031150035715709587,3.371595422821079,0.0003834856310162779,0.06603790694232319,98257,2.242646700875261,3.3709488816311954,True,True,False
0.017074777914108344,-0.004794867343954201,0.016267619465157004,-0.00220741532082615,0.013421294199915721,-0.013127593703589716,-0.007155515172737309,0.00036378758301422914,0.005392000590040983,0.0024138224482712386,-0.01264842481501675,-0.010273177446549665,-0.04653589170069342,0.005929312512560048,0.00030944300385497375,-2.4003769862464637,0.000751317283811848,-0.0658194657834767,53374,-1.9548146445922596,-2.3994750944541945,True,True,False
0.013035921966539141,-0.01625873870324104,0.010019167741343168,-0.007529677537740843,0.011772461061827316,0.002340783106283209,0.00970315217876377,0.0034665287451324297,0.013676557667474198,-0.003762530768104975,-0.001111887289444651,-0.006632470002585249,-0.022350079740251088,-0.04182561873468775,0.00030704294138207943,-2.3119493991663935,0.0008035656799276994,-0.0655637186937252,53735,-1.9219819404656269,-2.3110203108875695,True,True,False
0.02015972687269547,-0.004787643972378137,0.003792636509914154,-0.005815769928142569,0.010571864426384366,-0.010377056574163912,-0.0017357242369220312,2.994535285726809e-05,0.0032329970091832974,0.002326415199764981,-0.01206073875240313,-0.011006594359473806,-0.043185088939789965,-0.005756133384687432,0.00030660410172108715,-4.122270010007377,0.0002525360816692918,-0.06551684856972224,53995,-2.4040592253250055,-4.121749466183322,False,True,False
0.02100994953067183,-0.0008362522403990083,0.031519894285599016,0.009120146273406064,-0.0038960380133076155,-0.0012710761747191566,-0.0069377092951381876,-0.00460012510499675,-0.017507350450180686,-0.0063589112706630944,-0.009297640606258319,-0.05172847878398446,0.009839903230985566,0.005651570752666544,0.0003059594533882655,-2.668226540400168,0.0006012918208836525,-0.06544793619751396,91490,-2.0463298528239493,-2.667424228378615,True,True,False
0.01603159176522968,-0.0045480260725256185,0.02384858532324744,0.01566783168230885,0.011035751304103598,0.003871727519746977,0.013326789544532616,-0.003962499996265001,-0.010220458361664266,0.00040841589195892867,0.010024210588542207,-0.04426347120525705,0.0017495030847647674,-0.01990709820922852,0.0003051384647224311,-2.034833361795721,0.0010306695575936517,-0.06536006824145878,45202,-1.8090488886870093,-2.0337844710607196,True,True,False
0.0008697602185569359,-0.009585602251781565,-0.0009730283881966614,-0.011355620273976701,-0.012840180205739297,-0.004142954604385215,-0.006025229373065394,0.013266678146799726,0.009332371132043153,0.011925346990094642,-0.006615798471714641,-0.007422600724979947,0.010666831422667106,-0.04501447422382819,0.00030489899072927396,-4.193006682919831,0.00024273225089453936,-0.06533441591337302,23642,-2.417406161434107,-4.192497763060061,False,True,False
0.013059360066626356,-0.005197799967957211,-1.2513690355273143e-05,-0.0018558971956508298,0.012999345567811243,-0.010478785280600245,-0.0025289749402960006,0.00016582881616531935,0.005639031820180783,0.0026498539755919785,-0.007676941679125022,0.0035365029330411126,-0.05047160748923145,0.006551731775202208,0.00030363989719758784,-2.473123752155435,0.0006945338824455812,-0.06519937565286717,54007,-1.980806192891346,-2.472264768860602,True,True,False
0.007202952438076564,-0.003279649784107821,0.0026388048379637247,-0.005088352780998361,-0.00221445413270839,0.013303477284282248,0.0023368167172737207,0.00254627101326994,-0.001187407726103827,0.0034606508450712803,0.005495645570907308,-0.001758429069795418,0.0036127608016781076,-0.05952506224415987,0.0003035375469126529,-0.954353052853103,0.004644090993903316,-0.06518838617092516,131976,-1.136046257515063,-0.9521344227666025,True,True,False
-0.0049921816929523475,-0.00806690700910261,0.0018279601337618469,0.019291245742035907,0.021624024296292208,0.0059613473861804475,-0.004425872073710953,-0.0059275967164166415,-0.005976945545109996,-0.008220787423395947,0.010799055518679252,-0.0010900006902935142,0.0407754441472822,0.014177122409000991,0.0003020453517568583,4.176025010533455,0.00024242015009808432,0.06502795620316033,8528,2.4142281227283493,4.175518803547969,False,True,False
0.014903177603225565,-0.002017261104022161,0.026862037277960753,-0.009019157942876355,0.004066059822874095,0.0004043874520701465,-0.002544480038293171,0.002246826071888729,0.004840273726735945,-0.006486193524228626,0.008837634184364397,-0.04393784559952712,-0.0028802547965486665,-0.03211089353304407,0.0003013079592709797,-1.4919394100027874,0.0018915333684468207,-0.06494852922409962,44602,-1.5296409707723233,-1.490527715531147,True,True,False
0.009842317807733274,-0.014478365906220213,0.004526409468450927,0.006717023225434958,-0.0022445825836541053,0.00644304802550838,0.008464767813803243,-0.010802567001355635,-0.0014473155579117496,0.0016809179770923832,0.008825170223809721,-0.0020218015255640594,0.00673033413916295,-0.0520376078690597,0.0003005331556320151,-1.952036642194212,0.001102973850052798,-0.06486496910998481,68835,-1.7719570838739724,-1.9509598225009581,True,True,False
0.013383039076249943,-0.004993695479939589,-0.006231607588432891,-0.006771468682128993,0.008263575652973325,-0.005713111555324404,-0.004878435165446987,-0.007890663202752531,0.012755560324826769,0.005071515946520721,-0.01174142940493207,0.005323865363215803,-0.01871266671902452,-0.03580214829976091,0.0002994834498829478,-4.49207783741085,0.0002077380679382147,-0.06475158935688236,54681,-2.4709516383312327,-4.491611225390836,False,True,False
-0.00928723425072557,-0.008645749831316994,-0.007238629296973979,0.00024542424483386314,0.025305038015760704,0.011372833985199423,0.025920025067226692,-0.0023569317331697823,-0.0018376198839695833,-0.0005171325764068689,-0.004914867981632046,0.0027774649284922357,0.04834759617735887,-6.768103816551464e-05,0.0002990590373464825,2.31181154877157,0.0007827805362031462,0.06470569235926725,19532,1.921938794481527,2.310906551091382,True,True,False
0.021855297497041605,-0.0038129326696198468,0.023823950903110874,0.02346616325765523,0.004747905873618185,0.022050870070456474,0.004253795750620259,-0.014655064968042999,-0.006106722197683928,-0.00503948982762151,-0.009247571714384168,-0.04379716652660019,0.006729591978443044,-0.01151823999606879,0.0002976260635832254,-2.580790232614473,0.0006252043277079276,-0.06455048331004998,43388,-2.017687129054755,-2.579983345866314,True,True,False
-0.0037940973862446354,-0.02070037558810806,0.0060172992577824875,0.005805406233223604,0.019720598409781902,0.006186245397730351,0.011274972411443974,-0.004571344287391414,-0.004295769859275717,-0.004944912877267528,0.017987331131615013,-0.006830435509572167,0.04172074927889914,-0.006748149183309674,0.0002969038238104115,3.9849574418436036,0.00026168738480923995,0.06447211576558184,3427,2.3773415866253336,3.9844360011819946,False,True,False
0.015594222344904287,-0.00597088084645501,-0.0014171274369527153,-0.006043483989188271,0.010817532860067196,-0.009280105877582392,-0.0009445900537068471,0.0004571470749712225,0.005084995849754632,0.002891594000542765,-0.0021802606026434163,-0.002697815972424628,-0.04935868727333331,-0.005729184176394161,0.00029649947863849015,-2.97444160943151,0.0004689616821060398,-0.06442819821791237,53689,-2.138586529507991,-2.9737440780728073,True,True,False
-0.009865602254977181,-0.027321415958913603,0.004858908455727676,-0.0038280692022744163,-0.0036530935527115858,-0.002186424751058824,-0.012571763536964523,0.0037173734595268145,0.004411156272971439,0.008508915905902921,0.04864789792535345,-0.002894458097311104,-0.014387014762864516,0.013802025343941987,0.00029555544119175427,2.4998889946001968,0.00066166489426809,0.06432554982320635,105834,1.9901529366696793,2.4990618133547104,True,True,False
0.0005888290524049454,-0.0003403411160515559,0.009679615311686136,0.014990282858693723,0.01575694679663028,-0.0051000568354974225,-0.007197368434161969,-0.009008394890149016,-0.007654354157603027,-0.01093465835362768,0.0014292469440063914,-0.009027112234002373,0.013710162822563286,0.048365372036425505,0.000293398332532582,2.135825950039261,0.0008996282401378037,0.06409037930050458,138580,1.852120463948974,2.134865009197915,True,True,False
0.00989273920916624,-0.004653356390163566,-0.003735462552510684,-0.0013629726092381663,0.014326486190334484,-0.0018757087670380908,0.002990175314739697,0.00039813963121590614,0.007619534798486252,0.0026135234692293494,0.0009871457509927823,0.0032488677766375046,-0.05527383565122746,0.008680426156538266,0.0002933120687814,-1.5517649744448896,0.0017024175908184089,-0.06408095654171443,54346,-1.5651929816249546,-1.5504435358005677,True,True,False
0.012197489889852576,0.02387623923855069,-0.008001773700837395,0.010217428177624244,-0.008788523002408039,0.003965392700185284,-0.024825338896916956,-0.0017622859215527561,-0.003944172375261988,-0.01088117324629074,-0.02147879654890326,0.010391016446306642,0.01012843035937142,-0.04112394702568315,0.000291782167543668,-1.437010924046966,0.0019742783221393632,-0.0639136166924387,108300,-1.4958052488126161,-1.435591693453824,True,True,False
0.019979488478957134,-0.0022739535734718113,0.02982228130906103,-0.0031598616320237423,-0.002736085934836685,-0.006966932286952258,-0.003924296668134268,-0.012616685850792083,-0.0047159201149287715,-0.003822540964538085,-0.015153184466613196,-0.04975153162945568,0.007229037638373579,0.0063764020055277195,0.00029105195219819645,-2.623743628190371,0.0005915599604652704,-0.06383359095237322,19289,-2.031906795694087,-2.6229674625477792,True,True,False
0.014632789554380167,-0.007588346063982378,0.008628157181169159,-0.0074932553456503554,0.005977157813272061,-0.006560635512938975,-0.008722335726479269,0.002200037931012905,0.004891813516708408,0.003474754008568547,0.003122976114565264,-0.0032924399400383296,-0.03732026779705141,-0.029667770906115807,0.00028928758053100017,-2.2457785637087277,0.000802371243485659,-0.0636398158119107,52307,-1.896479379383978,-2.2448774088378864,True,True,False
-0.0003715807599233703,0.01433994727434249,-0.0074474219718215036,-0.001322961855607395,-0.024737395726275292,-0.002640926458055111,-0.028808888473323472,-0.0004382804406468339,-0.005962633583276194,-0.007081178293189083,-0.02308765389440287,0.008314814170397882,0.047909011352177455,-0.00702263200283132,0.00028810945428968165,2.775668456501364,0.0005232666476782023,0.06351009669040124,54349,2.080075942281117,2.7749421541123276,True,True,False
0.019238779134058356,-0.0030875367692288704,0.007535348698836647,-0.008347023212564524,0.010753497119784875,-0.007234322563478017,-0.006605700450381387,0.002932668905521671,0.013173497893083214,-0.008187344811738596,-0.01594647189744262,-0.016207590899898056,-0.024449255070269526,-0.02133541533089763,0.000286080233779817,-4.665210324142274,0.00018398970306947361,-0.06328604341269825,53760,-2.500005059539549,-4.664781129068349,False,True,False
0.016983728939724236,-0.0032887691320095448,0.033589717441168364,-0.003008194488467285,-0.0006994130288322569,-0.007588476857471387,-0.0005774752160306441,-0.010654712384159156,-0.0034046656375345584,-0.002115109027871127,0.0060889485054816195,-0.053628836194037396,0.0009535409513827784,-0.0051970813978588085,0.0002846865276976493,-1.539628974187122,0.0016785458338303065,-0.06313169880269558,11980,-1.5581188848708967,-1.5383362625902417,True,True,False
-0.002166855730548229,-0.007210076750469546,0.003397960813242295,0.0057485789148889865,0.014698225852727209,-0.0011690620996908365,-0.01300746604481408,-0.003954370106522362,-0.004648783202950318,-0.00733999370679052,0.009552322554060189,-0.001401349417903295,0.04435085920648608,-0.005645988758663387,0.00028376771881922916,5.185611703492129,0.00014771577590649233,0.06302974086701431,137170,2.5799791332524853,5.185228691019195,False,True,False
-0.008730127468301306,0.010789294215191553,-0.009525128723225612,-0.0023376927886238187,-0.02058891387615953,-0.013340891372246325,-0.015238186105335836,-0.001475410802675062,-0.008540638435577839,-0.004447177150000031,-0.008670588919894459,0.008595103426535682,0.05300477500143637,0.0012692283581319367,0.0002835696180809059,1.7799628126414744,0.0012514745638376027,0.06300773505379646,52640,1.6891114945769232,1.7788486748612748,True,True,False
0.009212019110905778,-0.001549375194469541,-0.004205322603339043,-0.0032807771260737004,0.017271277951497088,-0.005721656508770067,-0.0030642800822931852,0.0026630314719355446,0.016968394171111473,-0.006308467939441232,-0.01090027320669042,0.004826994965350423,-0.04525189015122125,0.008687053569167873,0.0002830095755563085,-2.2057059834240595,0.0008137300996684955,-0.06294548497090137,52363,-1.8806121047690334,-2.204808376109509,True,True,False
-0.00737114463940581,-0.007969891462701039,0.0017676250015287312,0.007322154155462037,0.01785499776574473,0.002567289393468803,-0.00535173165580876,-0.0036985158456599634,-0.004303328658105505,-0.006960200982350253,0.011364986358406869,-0.0012703515514349672,0.04066332583011998,0.013094144564938796,0.00028287371204667954,3.2232147249235146,0.00038104531914346827,0.06293037523874248,144176,2.2055884768664824,3.222600570971055,True,True,False
-0.0012908848308509683,-0.014818011952116612,0.0032809471430087504,0.008746382016215722,0.013721221731783875,0.000476668494659126,-0.008566956828492721,-0.005359580294518087,-0.005691245922817049,-0.008250834504489159,0.01921216302620219,-0.001529345166552653,0.03843318594471086,-0.006304585960615184,0.00028206679216389777,5.684364656921685,0.00012219770827310086,0.0628405544548382,71122,2.6479422964232198,5.6840173381439385,False,True,False
0.018137390350371686,-0.00675231805611776,0.01634384440044572,-0.005517073601385841,0.008754824579372022,-0.012578973842297867,-0.00922708399350636,0.001145004940084054,0.0038102519311424845,0.002830160915045969,-0.010706407613364027,-0.009825773070067075,-0.03712669644659278,-0.013334026853258966,0.0002802023944305448,-2.8491804966143683,0.00048300334211515047,-0.06263252782790173,54038,-2.102285261452311,-2.8484923316567614,True,True,False
0.016649716150496784,-0.0025344026800996583,0.005367651332567262,-0.004980312239972096,0.017168201961827848,-0.010058463130359208,-0.0011839320155767206,-0.008915270107828908,0.015290591738825757,0.004711772332174043,-0.01372678233221506,-0.0132159989227665,-0.03476962249206106,-0.006738229889739005,0.0002801816966261422,-3.88039741896351,0.00026043674657802543,-0.06263021448697814,53977,-2.3562388648959263,-3.8798920870200035,False,True,False
-0.002528182833422837,-0.0060941165830326405,0.004127100026439081,0.003885207648258895,0.012952843860444405,-0.00047347847737585493,-0.016614915353062535,-0.003411801162283498,-0.004247963614108378,-0.007869664634693675,0.01098545524135879,-0.0018720719738727699,0.04157174895070019,-0.0036623210859184356,0.0002773276211307851,4.488885651001756,0.0001926461809870159,0.062310407358520996,99919,2.4704092024443116,4.488453246836724,False,True,False
0.02187169981249906,-0.0022537299692684744,0.017303545133540304,0.0017725049576461514,-0.00968351157868782,-0.011902270636155564,-0.006213846861263035,-0.004933578255969744,-0.01999685152432179,-0.00617819027804432,-0.03146632269667054,-0.03311413697397562,0.017711753647313543,0.009094704913736039,0.0002764804616249931,-5.561773232371804,0.00012511563544216568,-0.06221516270996153,21983,-2.631930401977448,-5.5614252890921,False,True,False
0.0015525521869286618,-0.006719712828183175,0.004902537455254795,0.013998770962798815,0.014260527799231686,-0.001367204019170652,-0.01822156741083019,-0.005994006145765446,-0.006297270549336719,-0.009389622640247232,0.010934948319103726,-0.0018421333579251916,0.03991336797227591,-0.004960030863779764,0.00027638822642567836,6.682136293030145,8.665213775703571e-05,0.06220478550243534,126348,2.7643948921370765,6.6818467760609055,False,True,False
0.0007165565360905485,0.009949944503578242,-0.0018633750487458524,0.013980402790919682,0.0138819771492313,-0.004782724327131606,-0.00324473939355527,-0.00935585136437734,-0.007599504988300537,-0.00971670530770999,-0.011102012931332457,0.0005767425698223465,0.006837956578317179,0.05168427617997511,0.00027595457738432933,1.5004957363890525,0.0017129770015490721,0.06215596607916587,65312,1.5348783129437724,1.4992100282122476,True,True,False
0.015005861893622028,-0.002509830983952231,0.03754552250870478,-0.0039752954256528136,0.0024818062898036967,-0.00485217217766999,0.001769695359744438,-0.007552305144120873,-0.0018819820622432153,-0.0014748757977535954,0.004741702109919126,-0.05661049057356992,-0.0006146074464335584,0.0021700909459263463,0.0002758683718475396,-1.0265145030038971,0.0036518328781442837,-0.06214625660295534,91455,-1.19815123614741,-1.0246384589815754,True,True,False
0.011233151040923064,-0.0071365892174443234,0.0032195155911690534,-0.015221018676027839,-0.007408436179224749,-0.0007483428665064874,0.0005936187353063135,0.0016515506820534553,-0.006162415367731199,0.001740233596534251,0.007264970914984229,-0.014011667411391452,0.0008152563243761579,-0.045564943798408926,0.0002754354990786921,-2.0352136397173695,0.0009300875255864238,-0.062097479966748526,43157,-1.809260073686056,-2.034266956132411,True,True,False
-0.004333870024470508,-0.00037946835633087913,0.0025131231371840657,0.011962572462544127,0.01966342059652122,-0.0018618137531163288,0.0016154692198728996,-0.006992893500552018,-0.00592126152764609,-0.007877724345388816,-0.0021189776232790145,-0.0035143407506051504,0.024095009507271597,0.042315677099736944,0.0002743825128876102,2.067816783847956,0.0008975742114656488,0.06197866769473129,144531,1.8234117327512374,2.0668885660054888,True,True,False
-0.0037355216925942175,-0.008505694876572692,0.0025772079403302253,0.004278517606823242,0.01499216994246918,0.0016716503202302883,-0.009571949309730444,-0.0034504590929700656,-0.004120450654741057,-0.006945829884323199,0.011227267084295061,-0.001276958575379797,0.04292179915996431,-0.0037341092835547654,0.0002737803699084091,4.292862411225988,0.00020794385202861757,0.06191062385790867,96879,2.4357965557522547,4.292416050847298,False,True,False
0.007086991044846986,0.014101144767338843,0.013910704792223791,0.010619562150390944,-0.001578749636113465,0.0046273725251998535,-0.014936502720745457,0.0074368652935279415,0.005794804898729773,0.007372277748720096,-0.003424779767122378,-0.026583173051089856,0.0028288962906909817,-0.0363372560832926,0.00027193293209863966,-1.6156717978882003,0.0014562992601199858,-0.06170138633040918,42559,-1.6017264390466999,-1.6144949184379918,True,True,False
0.005106476479873188,-0.025278182884673775,0.005685458935408095,-0.0010738739777244814,-0.0015765460903417773,-0.0047021404388245275,-0.0161591125204869,-0.007663649182198474,-0.007544972799207848,-0.012772375611603772,0.039105689942767655,-0.0029834489468667817,0.01077977111346691,-0.00670872541005794,0.0002707330319713341,5.223427649156019,0.00013889857444066277,0.06156510912210666,7479,2.585408757257406,5.223064873231236,False,True,False
0.01011747380259328,-0.003222427743990748,-0.003931549174960722,0.0016245607813122048,0.014551532325879066,-0.0023334661175747028,0.0004565582161876723,0.00015597600336688349,0.006191419947461989,0.0021600144699051196,-0.0006544238826364081,0.003016438278144297,-0.0515580752163856,0.009376511557566173,0.0002705679962849439,-1.801712950693023,0.0011655389148675088,-0.06154634003090821,52995,-1.7000740286660694,-1.8006626612867758,True,True,False
0.010367640029817717,-0.004010961930659954,-0.00111479858679704,-0.00018998582084476745,0.014218141899943991,-0.0017245710400411228,0.0011888813813091806,0.000535935686893273,0.006834875556002971,0.002460392281928464,-0.004473306053820178,0.0030359291594576235,-0.050585478687742574,0.00880830797457545,0.00026979163481715275,-1.6319445682134848,0.0014162183506864169,-0.06145797679846042,53684,-1.6107878161692881,-1.6307885638574224,True,True,False
0.01443313863132266,-0.0031637581238107304,-0.004963460342897381,-0.0055788456229158845,0.011323678910874742,-0.009740670414904385,-0.004442158152232948,-0.008676631537394106,0.013290051199376958,0.004763828341716977,-0.019269599688841784,0.0033758488942709115,-0.022814277848700885,-0.020479326272285357,0.0002690576818515028,-4.98488585129659,0.0001515643870357581,-0.06137432332360239,52558,-2.5503449051826674,-4.984508071397305,False,True,False
0.00980128750744031,-0.004552864587210068,-0.0037182903056006992,-0.0018378775999435143,0.0130645379339963,-0.006611627182660602,0.00019728838222943842,0.00032708753042099385,0.006147108368932971,0.0025555799908564916,-0.0007662797647642811,0.004400466953773279,-0.05111490399527189,0.008640357924295242,0.0002687544551313904,-1.8649426811301373,0.0010806452757748674,-0.0613397293349707,52300,-1.7310917624724431,-1.8639347380003082,True,True,False
-0.00476177160948472,0.015615456662875346,0.006868710768414092,0.0061966922378766335,0.017100241232556497,-0.008274437656931541,-0.01527386595327428,-0.003716424768578352,-0.0034240662197201816,-0.006439751471458518,-0.015240709294184942,-0.005968409712301739,0.027183078101006203,0.04288902405556267,0.00026859724485104263,1.4517414955347714,0.0017810528924212241,0.06132178634144938,63637,1.5050761259675391,1.4504481051841247,True,True,False
0.005819396130162612,-0.003032156398222404,-0.007926169172134071,0.010180519922453305,-0.0013293844566599907,0.007688156309630739,0.003063973236349756,-0.001231865648082905,-0.00910989221097165,0.0015855668242054273,0.005423266384840503,0.008980225826816013,0.009263984364376249,-0.04904713263567744,0.0002682300025476757,-1.801322470028647,0.0011559794947334685,-0.06127985042073346,78221,-1.69988344534544,-1.800281023049401,True,True,False
-0.009147850072288197,0.004593752165581271,0.0014695086169207695,0.011143817246375597,0.01475902162599734,-0.007525330820727391,0.004976241015593486,-0.0008465961598044389,0.0009766287845438986,0.00670300330502197,-0.006216544647386808,-0.0028496372058440847,-0.00028819944820938253,0.05374888680698459,0.00026756317273133446,1.0369936078361934,0.0034712990177449767,0.061203631024231,25535,1.206923602480235,1.0351921857122897,True,True,False
-0.00533964275820441,0.00157788873543416,-0.002355256678209964,0.0012871856703579514,0.010387069330770297,-0.011204025118271904,0.005718275428798722,-0.005962653406731023,-0.005009439036605294,-0.005732849476839973,-0.00478693670187364,0.00041079951179865494,0.005670899263637674,0.05410443336120724,0.00026748273219603415,0.9814992533807944,0.003872209939702292,0.06119443018300095,106655,1.1599532254292986,0.9795971246519829,True,True,False
0.009567810873804712,-0.004073668460380322,0.008610985359690347,-0.0033152079233626855,0.017473293567770255,-0.008390899286392403,-0.0040928227915909806,-0.005590436990898959,0.017390054764271044,0.004767191385944289,0.0037263774118476652,-0.004395113977413387,-0.049470140393854965,-0.0008860534290730023,0.00026701680909381443,-1.4605629018033803,0.0017493057652940344,-0.061141110125154365,54327,-1.5105476992364562,-1.4592848570836359,True,True,False
-0.0005015942592610121,-0.033550553455987495,0.0037748588400057493,-0.0015260370435111839,-0.009889168288932155,-0.004776712165799774,-0.011063968405460176,0.0008148057300463738,0.0014088217699615064,0.0086045962117742,0.048097502970557336,-0.001337594995836488,-0.01762270646447164,-0.007278691401627845,0.00026670347376654447,5.269486318560992,0.00013445029223829938,0.06110522738257763,70651,2.5919552496786324,5.2691320646654685,False,True,False
-0.007486730699999422,-0.0061688012102950485,-0.028922093401183385,0.016301908177612474,-0.004771806407788744,0.0056398553975120546,0.007343234609306652,-0.003478402156801182,-0.005148676965404988,0.00900680078424713,-0.006446203590959985,0.04882679944539336,0.004664562115262069,-0.004616445423201705,0.0002663699999186868,2.03296788997136,0.0009014893895640672,0.06106701240969267,30809,1.8082898340286708,2.0320513338673174,True,True,False
-0.004125575199123518,-0.016139279776607434,-0.0038801635915789016,0.009342556371174033,0.022373424426107742,0.010594199376151324,0.01761901987688094,-0.005382229174433843,-0.004613432818336086,-0.004428646095941495,0.00842779921412554,0.001449078216049987,0.04257191495008433,-0.005355433128940095,0.0002656306848929296,4.047914180955861,0.00022690555574149821,0.06098220824119518,3390,2.3897401241174423,4.047454907793064,False,True,False
0.011014222261755493,-0.0041229936267409405,0.002513277455709634,0.0002605893401843142,0.014338631926008705,-0.003907881806078294,-0.00038613620926996836,0.00040709203311668665,0.006490677333196138,0.0023812408989013017,-0.005051716589324071,0.0005297888441793404,-0.04954838993509204,0.009622966285435706,0.0002651930506358715,-1.6761161145287213,0.0013198008723993987,-0.060931951649905544,54016,-1.6349243138898937,-1.6750096795846374,True,True,False
0.020645249492042692,-5.243377113737286e-06,0.017355526214884183,0.0007303308598930199,-0.0026209171763244164,0.016490218005939524,-0.0010857497846635598,-0.010618314017559546,-0.002976749989405822,-0.0034357204559012783,-0.028151461308110505,-0.03468434758354356,0.01156159730086872,-0.014150014657764875,0.00026497854637193107,-2.594825336942859,0.000550659675913744,-0.06090730379934449,93243,-2.022390984230263,-2.5941108057238846,True,True,False
0.008739618816318812,-0.0100146844858052,-0.01136029722071624,0.004157627893240548,-0.005999954026470426,0.002308248074453856,0.004153801149376441,-0.0016945543913661745,-0.011576319866867585,0.000462204841423853,0.006163210584711291,0.0070163169179725616,0.0074402085309327026,-0.045994083407147265,0.00026433228149770876,-3.172455646689654,0.00036755934057043134,-0.06083298428078421,21311,-2.192443894222077,-3.17187256025227,True,True,False
0.006660895869760287,-0.0011329325540989793,0.0341569976900965,0.005826771266165843,0.0034358119080377535,0.003757727757183894,-0.0025276346044999904,0.006874911258963581,0.00507762227491127,0.005503433862133497,0.0017526371482822329,-0.053284656353329164,0.00018486751499975323,0.0012205738494874315,0.00026364808142789417,-1.3757530210875217,0.0019463707922922537,-0.06075420267791425,4468,-1.4566500907328805,-1.3744135062230742,True,True,False
-0.0026734511669585384,-0.007196434338116609,0.00019302051147460783,0.021327624974676364,0.021192147922210497,0.005544720516951048,0.00034440470074704983,-0.008174877357943576,-0.007222278848932167,-0.00941058837057157,0.00753319383349735,-0.0004529648586192054,0.02981422390833133,0.026112323478592228,0.00026270915793138007,3.5750354264615725,0.00028768524657840253,0.06064592585356845,124241,2.2904214266043907,3.574521146997164,True,True,False
0.007618145667262461,-0.003256650357994985,-0.00236944511281741,-0.0008960111011086062,0.019278541691765,-0.007547452123364246,0.0004141872995857418,-0.0072237151440508775,0.016855391819402363,0.004873570369711062,-0.004408412941965017,0.0045287296958989014,-0.045804499264582146,0.007137189657944421,0.0002615047913596833,-1.933901136275369,0.0009779445378180378,-0.06050675248397124,53607,-1.76366643290042,-1.9329552809438404,True,True,False
-0.0006904440459733576,0.002608442308180387,0.0009756838510139484,0.02099279651040356,0.01975637981208301,0.001759835099045683,-0.008092865667475486,-0.008534080661104929,-0.007425637600642361,-0.010457860570465634,-0.002361768462808159,-0.0006039371052405092,0.025999124933629665,0.0348216470986163,0.00026136014287032617,3.117055301453125,0.00037645654833081636,0.06049001634047105,124557,2.177796922024315,3.1164685282844053,True,True,False
0.010083951750845217,-0.003622613764329448,-0.0042295154156225525,0.0005582865069837221,0.014152204447963347,-0.0002014383336474727,0.002214295102513321,0.0005081156639026897,0.006061942058747434,0.0023876592232637242,-0.006090651284456176,0.004803189866086588,-0.04824768474779457,0.008312265498083355,0.00025833857765986167,-1.7781751317727361,0.001142540891668617,-0.06013933912388469,52268,-1.6882564615871003,-1.7771590225529041,True,True,False
0.005976548148064414,-0.005234832445804737,-0.00197723769679451,-0.005131890939496668,-0.033360762737332864,-0.015693815164386553,-0.03601442375191781,-0.0022560712526251032,-0.005287776839893913,-0.010166985474226783,-0.0051340055620294036,0.00586034109490722,0.028578918166449557,-0.0040347921954807095,0.00025831724214139427,6.956936912897063,7.471586882965845e-05,0.060136855843519715,54745,2.7927965884465236,6.956677011249358,False,True,False
-0.022848893036390917,-0.005687038621846928,0.0013278481894826914,0.0074669924490091775,0.024441945620294548,0.003315651532934353,-0.0017941650485380754,0.009650696261236946,0.010111284229941743,0.018208040528670148,0.010537936676203305,-0.0008102369198908124,0.03578709233174556,0.014833164691114765,0.0002581916682265629,2.6734218646713486,0.000505493620981322,0.060122237891385356,144513,2.048037527269328,2.6727460804100036,True,True,False
-0.002174933962334034,-0.003897222054049357,0.0033475006173196513,0.012076665997018649,0.016651005290336585,0.003509462409787077,-0.014033559695563184,-0.004688998733144049,-0.005028414512560668,-0.00845473825851716,0.007705577955104957,-0.0015302730203088856,0.04021500221708048,0.003424259705548659,0.0002580463238088384,4.330250565840774,0.00019262648204502184,0.06010531325914017,8916,2.44254980490692,4.329833485288181,False,True,False
0.004071767664742347,-0.023943346622597957,0.0029856150402322533,0.003048114923901111,-0.014861733798419503,0.004069713630972781,0.00995750865543063,0.005535064483803012,0.003227057187164688,0.0076756024577926164,0.014055823576560189,-0.00044021667470538174,-0.01148386447200259,-0.04363688766393485,0.00025699461445793416,-2.074496200150926,0.0008353410716738249,-0.05998270285443508,11933,-1.826305241587832,-2.0736295631892436,True,True,False
0.015518477327055998,-0.006996792643317466,0.015392272637286458,-0.004538446330420059,0.010728060117701598,-0.01158196765103804,-0.00648291622631784,0.0009445757815036816,0.0051097861149641014,0.0029323645246086523,-0.0037881603719499943,-0.009799358823285137,-0.042644553497764706,-0.006677526572660769,0.0002566061011245291,-2.1637663842845627,0.0007667277141291155,-0.05993734590625135,53685,-1.8636797219295553,-2.1629367153946686,True,True,False
-0.0016612073774696554,-0.00672298605893683,0.010524905386383784,0.013555344375152172,0.018713363818413636,0.003926424700217434,-0.009894529112507289,-0.0051066378457875405,-0.005033438797487732,-0.008277574773954124,0.010081808558268603,-0.008821501747167589,0.037412309258808174,0.008872828780630388,0.00025631641667971604,3.629803956227106,0.0002722825770760577,0.059903505568411654,69148,2.302720294065891,3.6293097563965735,False,True,False
0.009162994209237378,-0.0067054962086085775,-0.005115392266808689,-0.00641463348017483,0.01164812131459881,-0.0013153536482495498,-0.0015095671810141,0.003608536939236573,0.0155613154080298,-0.005092808648373719,0.00676082432474876,0.0035261897497235435,-0.03482717107085654,-0.028653814233402165,0.0002562197871101151,-2.284467287595143,0.0006868666175048567,-0.05989221188308279,52359,-1.9115433022414574,-2.2836825906671505,True,True,False
-0.003959378738556308,-0.003304573463649949,8.206646707148906e-06,-0.0033398554990634356,0.016183745182743278,-0.0013192615842824392,-0.004048228415097488,-0.002448647054328325,-0.0029202719697365067,-0.004556663434972388,-0.001342715957410415,7.678041460946341e-05,0.04763676893119207,-0.0061352412484832666,0.0002559025384218475,3.821501972292516,0.0002452606782953261,0.05985512224859822,14900,2.3440519877778976,3.8210333114718202,False,True,False
0.003485274177420522,0.002067358261150121,0.03408537523418336,-0.006002445486374222,0.0020929504118447303,-0.007883365901140266,-0.009745608512860287,0.009778816397213454,0.008127493216347549,0.007550454061405338,-0.002023487830911306,-0.05174890929905767,0.0035095422075919593,0.0038031815841503606,0.00025552235602030677,-1.4632618023981416,0.001667968609075394,-0.05981064276693449,52856,-1.512247747532573,-1.4620409557255696,True,True,False
-0.004020682559553447,-0.006386236501457028,-0.0006057898093965144,0.018114396920010618,0.023013176029081584,0.008134522914953134,0.0025949847883943375,-0.006277080959126967,-0.005702567307636395,-0.007280006985724415,0.004263887283223163,2.6613900796924907e-05,0.03915122296259196,0.013850414347236589,0.00025548431480819324,3.7066598274277966,0.0002602638019313223,0.0598061913890913,8910,2.3196019474749967,3.706177441349269,False,True,False
0.016388748335562607,0.0005485058958112455,0.01825424892889492,0.02428965915086231,0.003898059577314522,-0.0016758670088775618,-0.002946212563868211,-0.005915266499358343,-0.01627165568376919,-0.0034456226834277365,0.0061858656133895965,-0.03448798378970235,0.00883686065082163,-0.014179261905001324,0.00025541889949621394,-3.0057323440296186,0.0003956476532051549,-0.059798533501255836,45216,-2.1474010295230888,-3.005137679730377,True,True,False
-0.003562537490291362,-0.0028830106372651778,0.003099900594147275,-0.004211168027480524,0.011602899936435488,-0.0019613915805896122,-0.015647384339338717,-0.001969708023322729,-0.002918550661040303,-0.006599140743564848,0.005520014953234129,-0.00146942098849998,0.042003810031021244,-0.0037090190215913056,0.0002549143209541294,3.559537997951163,0.0002815870607453059,0.05973943950811304,144527,2.2869041784476147,3.559036802744931,True,True,False
0.005096207183141055,-0.002362241523499985,-0.01253653923508382,0.020769226795341437,0.010315915934762672,0.013052479301693651,0.012005915177370421,-0.0016371265806380548,0.0009266644960127719,-0.007137634748676531,0.0058686969678723245,0.006772789822063268,0.007106033673388087,-0.04283340412104409,0.0002547975401805864,-2.164572349211193,0.0007607615133593522,-0.0597257531612467,129968,-1.8640116246957774,-2.163748830888051,True,True,False
-0.0015427974639679483,-0.0065684602529294004,0.018395169131985464,0.0037619342592334886,0.019162696818891968,-0.002186624163964347,-0.005859397240611873,-0.0030232533118641535,-0.002538662081400862,-0.0043060908759544585,-0.00013933502494612558,-0.009167650761137531,0.04366390302762883,-0.00461475566968682,0.00025452828148294954,2.847196070908246,0.0004393781623525556,0.059694187768233764,13479,2.1017136031252184,2.8465705042968725,True,True,False
0.0009393011211765109,0.002668937744279124,0.030516281472675863,0.009198962806807223,0.01154775270426854,-0.004486112607609125,-0.007276376584355736,0.010947128932851524,0.010879898289788718,0.010379154210365076,-0.0040996804688155,-0.04834815440935093,0.006086872481294029,0.005257516740697248,0.0002542117419902335,-2.244265962165203,0.0007061032846593251,-0.05965705652195673,75723,-1.8959288580284643,-2.2434734804632495,True,True,False
0.019908435686661605,-0.002643663206377507,0.008128796288917004,-0.004037320581649334,0.009824300946795992,-0.011793801978107433,-0.0036399752425795395,-0.00035998673108704113,0.0005230239582750372,0.00135745978748704,-0.015586459538613283,-0.017366723580130774,-0.033584775854202095,0.0004644317480408191,0.0002540569717397104,-4.210301264330368,0.0002006068121890519,-0.05963889349531808,53352,-2.4206433121266153,-4.209878935591303,False,True,False
0.00507160943427824,0.0034248906390831274,-0.0097607755361649,0.007878320639420441,0.007536736403469959,0.013620409997722405,0.0069531478174598,0.0011757485972580025,0.003865691595132461,-0.004246779316993431,0.0012282308336221514,0.003956733523000805,0.006107492523259016,-0.04942749306715082,0.000253643708616946,-1.474152725989876,0.0016313910965077775,-0.05959036792558327,129920,-1.5189466187733696,-1.472949775352838,True,True,False
0.008686528504754473,-0.026048373928445875,0.005593373435816469,0.004224087707318712,-0.00267588626607279,-0.0031579595570956154,-0.016318285686459877,-0.009685572677979199,-0.009166483812603002,-0.014412969440896876,0.03951882393569941,-0.0027832142252101743,0.004898456088938188,-0.006338803147878396,0.00025328830151647276,5.904130093159001,0.00010171550371070047,0.05954860552503376,137532,2.6756265756296567,5.903829814739864,False,True,False
0.0006256928901634449,-0.007227962170480569,0.004635329275912954,-0.0032994935557064454,0.008621134962461401,-0.022329997673191434,-0.01764349043029333,-0.006039013735579115,-0.006594255979393309,-0.00844552874942041,0.006958670412573975,-0.0015993981034694224,0.03799488168234639,0.006833734092383848,0.0002527590845882215,6.845059340278079,7.551749519236712e-05,0.05948636247972838,8900,2.781401900163333,6.844800874530404,False,True,False
0.012901757355308222,0.00035015814467046744,0.029355298580880654,0.014734472991942454,0.011199162165519024,0.0013467171696275497,0.00874406150399474,-0.0038362320549055967,-0.009276924475915648,-0.0010197561378333829,0.0059321716205113775,-0.0487267413153369,0.0019152704184691915,0.003213129375441826,0.00025199209154085295,-1.2732453633158902,0.0021714341966889883,-0.059396037641569664,5664,-1.3872783970437796,-1.271862227799564,True,True,False
0.01760683362030018,0.0026902012215294755,0.021057025954039854,0.0008053162801224978,0.013909555503273842,0.0043882055088834745,-0.003000970741237334,0.0018872708137112589,0.007601213288228221,-0.010083134141743983,-0.023336713180280824,-0.03695576957916286,-0.00889954683069225,0.0035362860003398805,0.00025159994011228183,-2.673570426871226,0.0004925398248509586,-0.059349803434399696,52776,-2.0480906796263474,-2.6729119258218526,True,True,False
0.011425996661183777,-0.004850342220154735,0.01454051553828585,-0.004412881262822016,0.016001708583826373,-0.00857848856753538,-0.006554403444005761,-0.005557360694611231,0.01679287582900207,0.005088392537933575,0.0025461087765284336,-0.009377318069498892,-0.041983242656988856,-0.011611312104838095,0.00025149644239353053,-1.639401891961094,0.001308339463257191,-0.05933759526120974,54321,-1.6149503358779427,-1.6383290938545256,True,True,False
9.701621788021121e-05,0.00010768558331281519,0.002210360362035621,0.008826989540165853,0.017459438716884504,-0.0015432159586755113,-0.012632354105651097,-0.004718778027303561,-0.004865502052830953,-0.006948741693271374,-0.002684423536797546,-0.000518975578910075,0.04636174720583548,-0.004769052829880945,0.00025135930336401397,5.4286619380020555,0.00011939483762376603,0.05932141577842896,98612,2.61405404199944,5.428337851222894,False,True,False
0.015449832355599604,-0.005129136126362859,-0.0037394972519741165,-0.004010494386386008,0.009666809052273352,-0.010897699568956488,-0.0009522565572863318,-6.900384977439282e-05,0.0022870269239921993,0.0023544996565395943,-0.01208516814991722,0.0006068646561119288,-0.03930280393175195,-0.0019547111552500594,0.00025059064176986617,-3.8004145694001856,0.0002428429260986311,-0.059230642432078796,54721,-2.3396317888951286,-3.799953089484491,False,True,False
-0.003071004934592028,-0.028353571417997655,0.0038706518114138555,-0.0009608692124411285,-0.0011062505133020038,0.003952063565372895,-0.011732502298052295,0.0038837642290808568,0.016614591583637553,-0.0011445829204184998,0.04459629109890963,-0.0018278057687488869,-0.020912965143052607,-0.006769456779350837,0.0002502289599826542,3.6188679764250047,0.0002674262105393088,0.059187883831786525,107541,2.3002857027790546,3.618384053994767,False,True,False
0.008259952555863289,-0.0020349273062735267,-0.0024655443216062534,-0.0008105591416729284,0.01856122156459737,-0.009212789088284126,-0.0015901317070391148,-0.007785833612307213,0.01599451160309947,0.004671721833475485,-0.011772261093649594,0.005352350921455377,-0.039754474431121505,0.008205826865150851,0.00024881150451121594,-2.3330956313541975,0.0006395221372053362,-0.059020005738014386,53953,-1.9300289548533784,-2.3323494788876293,True,True,False
-0.012809371720030544,-0.011536827323408121,0.000264583113817046,-0.0028159973424934236,0.005192533402393286,-0.009397912233737529,0.0002369316723144748,0.0018747513308829077,0.002830607181181271,0.007730627510006531,0.018104558488830587,-0.0007834248435439168,-0.006764820193975672,0.04587154552220529,0.00024818267993790877,1.3773817878647887,0.0018280841343070314,0.05894537789546449,57563,1.457765577622947,1.376122227059045,True,True,False
0.01156411139403102,-0.0035883106060501475,-0.006350051558720793,-0.0060161438815988025,0.011260451003809567,-0.01113581390859255,-0.004719212247486506,-0.008284876064856384,0.01360555357895463,0.004963065356891734,-0.017368239615867538,0.00819330624238734,-0.02403042085743092,-0.016412230550869142,0.00024757468652201537,-4.144014442160917,0.00020179207535116377,-0.05887313161737854,54692,-2.408210260472143,-4.143596306428449,False,True,False
-0.0033182617221188186,-0.010959586894038777,0.0028705976969906318,0.0011823148345158374,0.011752044358323019,0.0013667929116504224,-0.010157995805004254,-0.0036248916360919446,-0.004159979239966337,-0.007753098698538084,0.016182916500938456,-0.0016358661766337546,0.03570118832899793,-0.0013483522868238777,0.000245621537853408,3.7581583072127236,0.00024341011241025797,0.058640444174744955,144553,2.3306819902519136,3.7577008925081814,False,True,False
0.00034608979186997075,-0.010827917333782732,0.0036423331509567855,0.001853390665555794,0.01072093304737635,-0.008896325383026262,-0.012715748622016385,-0.005467778250380168,-0.005825312886721569,-0.008219715384516126,0.012480310719371886,-0.0014204164180513464,0.03763947623983569,-0.0034576639764132655,0.00024561503941116896,6.055359798374344,9.376966393228207e-05,0.05863966838978807,137217,2.6939574028691107,6.0550758871919825,False,True,False
0.0009039753699972889,-0.01275389308338415,0.004509162731237565,0.007780067678916972,0.009952241289097854,0.0009139048091589176,-0.01525722770404689,-0.005726233175331034,-0.0058977359848708675,-0.010000313384720152,0.020502773067939788,-0.002158428654533824,0.0303161318291453,-0.003858190158143165,0.000245511259615476,5.03969460982474,0.00013531073118106595,0.0586272787211798,96853,2.5585846951562474,5.0393536359087,False,True,False
-0.014524585070884395,-0.011738981305307943,0.010350926911112756,0.013376483922519214,0.023196267484957983,0.0029424383230003555,-0.005329993297108332,0.008246556392463337,0.009606719833392043,0.018672810682454608,0.016235712382750313,-0.00803959020277542,0.03277736711238591,-0.006357206800738173,0.00024448209563110744,4.819335541221176,0.00014734546371734076,0.058504269017169985,124145,2.5247910643516787,4.8189804745262625,False,True,False
0.013330736791562546,-0.0037642184198756735,0.0024937572497902524,-0.0034402450128186027,0.009954668919793208,-0.013506261031244814,-0.005565123389183782,0.00037617445735685124,0.0027127086713531552,0.002173310129747831,-0.017403315165224947,0.002331038712532484,-0.03705757569569183,0.006813901417874086,0.0002441717319612688,-2.9183904791965154,0.00040120131266522423,-0.05846712122253326,54755,-2.122602590052171,-2.917804989420246,True,True,False
0.007597712325327686,0.005169659755135531,-0.004378125108192556,-0.0017881553780692025,-0.03323877684535239,-0.013820363568827574,-0.0329293485955512,-0.00414527569147478,-0.017810157311496034,0.0015528918555273983,-0.01661787646128343,0.006955134214635095,0.03171397553454597,-0.0029585823314156596,0.00024353693099162652,5.45521135455351,0.00011455655573012567,0.058391069967779305,54823,2.6176640557780813,5.454898880492487,False,True,False
-0.002901708767231132,-0.010758435144786003,-0.002229498636596891,0.008119967621472277,0.020720750846888628,0.007306395453580606,0.008664953567060605,-0.004948503657173779,-0.00445489151386669,-0.005020183313195517,0.0043000849251136185,0.0009262136338366905,0.04373230460022611,-0.005820777746055644,0.0002431292000923904,4.2553382311062125,0.00018793832772897112,0.05834217107700327,42401,2.428960240383675,4.254938341741157,False,True,False
0.005778348031186676,-0.004426531857184148,0.004738074531009536,-0.0027461848707971397,0.0020677627157164894,0.007909246174142308,0.0009650469366693274,-0.003837080094992972,0.005189469310021948,0.004091961958770319,0.007139379760358345,-0.0027883164170552648,0.0016733710402716834,-0.050645941625719594,0.00024303020406502232,-1.121217989896151,0.0026991955039779103,-0.058330291330838696,61286,-1.2748251049098052,-1.119703774135969,True,True,False
0.014743018931737541,-0.0042857444387749966,0.015429434091156246,-0.0017598555276521351,0.01213098626577264,-0.012899217939249736,-0.007354299130166762,0.0004194058450391761,0.004000475938786654,0.0021317856953994778,-0.011276552732194292,-0.009681046981983557,-0.040081049340530785,0.006873951025702456,0.00024281831224190438,-2.205398467796126,0.0006984444942629552,-0.05830485731253874,52309,-1.8805400052353287,-2.2046281590594137,True,True,False
-0.0012946862251797817,-0.019360989005156315,0.0020141106128544776,-0.0007521907373134309,0.009402734394611558,-0.00037835657709311846,-0.003606872997623468,-0.005002062539364458,-0.005095355946527505,-0.007959679772329573,0.02364377438655292,-0.001276646060788337,0.030756196112229486,-0.00710670518041387,0.00024258885045050395,4.510532649522695,0.00016690552699779115,0.058277303327882085,73248,2.4741277091482914,4.510156217400434,False,True,False
0.017287951631445822,-0.0010990481297990223,0.03241759735894474,0.004114208778500462,0.0016737829931037255,0.013494503813230523,-0.0004380413910330175,-0.007468944954551401,-0.0021388215754828657,-0.002985403795157811,-9.401014358573465e-05,-0.05049884990615217,0.0005013561070019478,-0.010251044009824538,0.00024248458661395986,-1.080099331791618,0.002901501778957028,-0.05826477680341397,11965,-1.2422578678636902,-1.0785312384426038,True,True,False
0.012245200382858363,0.00012269930857475718,-0.012840974981640945,0.028853646863498044,0.006937593072800355,0.03127071730712808,0.001769624587168358,-0.0015941615172430162,-0.010258704177316832,-0.002261724862758376,-0.03183386559024435,0.012747412741525268,0.009473189889779542,-0.021401879125242242,0.0002419948966490685,-3.723978941002178,0.0002442382761288604,-0.05820591518766443,80612,-2.323353052594032,-3.723524144132336,False,True,False
-0.004139542144738029,-0.011191801744806692,-0.004587884033744544,0.011503839686290108,0.02404114925044883,0.012321613597875872,0.017756166791533544,-0.005572590901406967,-0.004493957873693948,-0.004476307581077048,0.0023332410348555484,0.0017463095063489334,0.040915528266372556,0.0011823811811275504,0.00024076197116240427,3.402095891023032,0.0002911363063896932,0.05805745173167369,27517,2.250059362012816,3.4016006181565817,True,True,False
0.010802546510678333,-0.011384573890415934,-0.010548189855311078,-0.006831226052978703,-0.005318206197909277,-0.009101936985963986,0.0012742427175378053,0.00042773528133190677,0.00033500162847981623,-0.0106171800335499,-0.028002758002129265,0.013283793313071965,0.013073531493384558,-0.025738668704722894,0.00024066167262891443,-5.712593581236528,0.00010323417108766408,-0.05804535671993052,52418,-2.6515765599399814,-5.712298706194477,False,True,False
0.005073908507979769,-0.02566317123740919,0.004821080439929418,-0.004399984812860737,-0.019841979082189255,-0.017539443746661096,-0.025617927802488692,0.01011932604575938,-0.0033459868196143135,-0.007031586678644045,0.034650109904165206,-0.0008069051572257989,-0.016345183041647247,0.001709130201693311,0.00024055929680983804,7.108602354045208,6.664273247673743e-05,0.05803301025824302,107043,2.807896734429614,7.108365481756206,False,True,False
